metro_id,metro_name,season,num_teams,total_wins,total_losses,total_ties,avg_win_pct,max_win_pct,any_playoff_team,total_playoff_wins,any_conference_champ,any_super_bowl_appearance,any_super_bowl_win,metro_gdp,gdp_counties_used,metro_personal_income_pc,income_counties_used,econ_year
ATL,Atlanta Metro,2005,1,8,8,0,0.5,0.5,0,0,0,0,0,261967077,5,40872.6,5,2006
BAL,Baltimore Metro,2005,1,6,10,0,0.375,0.375,0,0,0,0,0,157087269,5,45642.2,5,2006
BOS,Boston Metro,2005,1,10,6,0,0.625,0.625,1,1,0,0,0,296113540,4,53875.75,4,2006
BUF,Buffalo Metro,2005,1,5,11,0,0.3125,0.3125,0,0,0,0,0,58642957,2,32304,2,2006
CHI,Chicago Metro,2005,1,11,5,0,0.6875,0.6875,1,0,0,0,0,555317865,5,45783,5,2006
CIN,Cincinnati Metro,2005,1,11,5,0,0.6875,0.6875,1,0,0,0,0,115854411,7,37196.71428571428,7,2006
CLE,Cleveland Metro,2005,1,6,10,0,0.375,0.375,0,0,0,0,0,124589399,5,38334.4,5,2006
CLT,Charlotte Metro,2005,1,11,5,0,0.6875,0.6875,1,2,0,0,0,115277278,5,36349,5,2006
DAL,Dallas Metro,2005,1,9,7,0,0.5625,0.5625,0,0,0,0,0,345220305,5,39654.6,5,2006
DEN,Denver Metro,2005,1,13,3,0,0.8125,0.8125,1,1,0,0,0,147328084,5,43964.4,5,2006
DET,Detroit Metro,2005,1,5,11,0,0.3125,0.3125,0,0,0,0,0,232388755,3,38840.333333333336,3,2006
GB,Green Bay Metro,2005,1,4,12,0,0.25,0.25,0,0,0,0,0,25314496,2,36743.5,2,2006
HOU,Houston Metro,2005,1,2,14,0,0.125,0.125,0,0,0,0,0,352789139,5,39723.4,5,2006
IND,Indianapolis Metro,2005,1,14,2,0,0.875,0.875,1,0,0,0,0,106407854,5,41650.8,5,2006
JAX,Jacksonville Metro,2005,1,12,4,0,0.75,0.75,1,0,0,0,0,70723842,4,41067,4,2006
KC,Kansas City Metro,2005,1,10,6,0,0.625,0.625,0,0,0,0,0,105124698,6,36495.166666666664,6,2006
MIA,Miami Metro,2005,1,9,7,0,0.5625,0.5625,0,0,0,0,0,305544834,3,44874,3,2006
MIN,Minneapolis Metro,2005,1,9,7,0,0.5625,0.5625,0,0,0,0,0,192178840,5,43698.2,5,2006
NO,New Orleans Metro,2005,1,3,13,0,0.1875,0.1875,0,0,0,0,0,57489788,4,45421.75,4,2006
NSH,Nashville Metro,2005,1,4,12,0,0.25,0.25,0,0,0,0,0,81983098,5,40094.6,5,2006
NYC,New York Metro,2005,2,15,17,0,0.46875,0.6875,1,0,0,0,0,1118734874,12,50205.666666666664,12,2006
PHL,Philadelphia Metro,2005,1,6,10,0,0.375,0.375,0,0,0,0,0,304800119,8,45842.125,8,2006
PHX,Phoenix Metro,2005,1,5,11,0,0.3125,0.3125,0,0,0,0,0,216044768,2,31598,2,2006
PIT,Pittsburgh Metro,2005,1,11,5,0,0.6875,0.6875,1,4,1,1,1,113859712,5,36796.4,5,2006
SD,San Diego Metro,2005,1,9,7,0,0.5625,0.5625,0,0,0,0,0,190800982,1,43473,1,2006
SEA,Seattle Metro,2005,1,13,3,0,0.8125,0.8125,1,2,1,1,0,240322814,3,42812.333333333336,3,2006
SF,San Francisco-Oakland Metro,2005,2,8,24,0,0.25,0.25,0,0,0,0,0,486418767,6,64720.166666666664,6,2006
STL,St. Louis Metro,2005,1,6,10,0,0.375,0.375,0,0,0,0,0,142661981,6,36078.833333333336,6,2006
TB,Tampa Metro,2005,1,11,5,0,0.6875,0.6875,1,0,0,0,0,131829711,3,35550.666666666664,3,2006
WAS,Washington Metro,2005,1,10,6,0,0.625,0.625,1,1,0,0,0,361256146,6,61110,6,2006
ATL,Atlanta Metro,2006,1,7,9,0,0.4375,0.4375,0,0,0,0,0,264196619,5,41429.8,5,2007
BAL,Baltimore Metro,2006,1,13,3,0,0.8125,0.8125,1,0,0,0,0,158074120,5,47664.8,5,2007
BOS,Boston Metro,2006,1,12,4,0,0.75,0.75,1,2,0,0,0,308087821,4,56522.5,4,2007
BUF,Buffalo Metro,2006,1,7,9,0,0.4375,0.4375,0,0,0,0,0,59353756,2,33991,2,2007
CHI,Chicago Metro,2006,1,13,3,0,0.8125,0.8125,1,2,1,1,0,561524000,5,47713.2,5,2007
CIN,Cincinnati Metro,2006,1,8,8,0,0.5,0.5,0,0,0,0,0,116898187,7,38364,7,2007
CLE,Cleveland Metro,2006,1,4,12,0,0.25,0.25,0,0,0,0,0,124931102,5,39975.4,5,2007
CLT,Charlotte Metro,2006,1,8,8,0,0.5,0.5,0,0,0,0,0,117609109,5,38437.2,5,2007
DAL,Dallas Metro,2006,1,9,7,0,0.5625,0.5625,1,0,0,0,0,356492635,5,41235.6,5,2007
DEN,Denver Metro,2006,1,9,7,0,0.5625,0.5625,0,0,0,0,0,153490967,5,45747.2,5,2007
DET,Detroit Metro,2006,1,3,13,0,0.1875,0.1875,0,0,0,0,0,231133189,3,40086,3,2007
GB,Green Bay Metro,2006,1,8,8,0,0.5,0.5,0,0,0,0,0,25494921,2,37961.5,2,2007
HOU,Houston Metro,2006,1,6,10,0,0.375,0.375,0,0,0,0,0,383381058,5,42553.8,5,2007
IND,Indianapolis Metro,2006,1,12,4,0,0.75,0.75,1,4,1,1,1,111604823,5,42680.2,5,2007
JAX,Jacksonville Metro,2006,1,8,8,0,0.5,0.5,0,0,0,0,0,72176232,4,42710,4,2007
KC,Kansas City Metro,2006,1,9,7,0,0.5625,0.5625,1,0,0,0,0,108461888,6,38519,6,2007
MIA,Miami Metro,2006,1,6,10,0,0.375,0.375,0,0,0,0,0,307802999,3,46854.333333333336,3,2007
MIN,Minneapolis Metro,2006,1,6,10,0,0.375,0.375,0,0,0,0,0,195023990,5,45644.2,5,2007
NO,New Orleans Metro,2006,1,10,6,0,0.625,0.625,1,1,0,0,0,58624941,4,47746.75,4,2007
NSH,Nashville Metro,2006,1,8,8,0,0.5,0.5,0,0,0,0,0,83635072,5,41213.4,5,2007
NYC,New York Metro,2006,2,18,14,0,0.5625,0.625,1,0,0,0,0,1127463212,12,54056.416666666664,12,2007
PHL,Philadelphia Metro,2006,1,10,6,0,0.625,0.625,1,1,0,0,0,319806256,8,47947,8,2007
PHX,Phoenix Metro,2006,1,5,11,0,0.3125,0.3125,0,0,0,0,0,223017462,2,32293.5,2,2007
PIT,Pittsburgh Metro,2006,1,8,8,0,0.5,0.5,0,0,0,0,0,116704284,5,39115.2,5,2007
SD,San Diego Metro,2006,1,14,2,0,0.875,0.875,1,0,0,0,0,194328788,1,44352,1,2007
SEA,Seattle Metro,2006,1,9,7,0,0.5625,0.5625,1,1,0,0,0,258026697,3,45821.333333333336,3,2007
SF,San Francisco-Oakland Metro,2006,2,9,23,0,0.28125,0.4375,0,0,0,0,0,503940559,6,67458.83333333333,6,2007
STL,St. Louis Metro,2006,1,8,8,0,0.5,0.5,0,0,0,0,0,144165699,6,37337.833333333336,6,2007
TB,Tampa Metro,2006,1,4,12,0,0.25,0.25,0,0,0,0,0,133482580,3,36803.666666666664,3,2007
WAS,Washington Metro,2006,1,5,11,0,0.3125,0.3125,0,0,0,0,0,366648028,6,63308.833333333336,6,2007
ATL,Atlanta Metro,2007,1,4,12,0,0.25,0.25,0,0,0,0,0,255206979,5,40184.2,5,2008
BAL,Baltimore Metro,2007,1,5,11,0,0.3125,0.3125,0,0,0,0,0,159411060,5,49356.2,5,2008
BOS,Boston Metro,2007,1,16,0,0,1,1,1,2,1,1,0,311424095,4,58181.25,4,2008
BUF,Buffalo Metro,2007,1,7,9,0,0.4375,0.4375,0,0,0,0,0,59814491,2,35558.5,2,2008
CHI,Chicago Metro,2007,1,7,9,0,0.4375,0.4375,0,0,0,0,0,546904156,5,48577.4,5,2008
CIN,Cincinnati Metro,2007,1,7,9,0,0.4375,0.4375,0,0,0,0,0,117511862,7,39812.857142857145,7,2008
CLE,Cleveland Metro,2007,1,10,6,0,0.625,0.625,0,0,0,0,0,125196576,5,41277.6,5,2008
CLT,Charlotte Metro,2007,1,7,9,0,0.4375,0.4375,0,0,0,0,0,127658842,5,40762,5,2008
DAL,Dallas Metro,2007,1,13,3,0,0.8125,0.8125,1,0,0,0,0,358408800,5,43401.8,5,2008
DEN,Denver Metro,2007,1,7,9,0,0.4375,0.4375,0,0,0,0,0,152725589,5,46924.2,5,2008
DET,Detroit Metro,2007,1,7,9,0,0.4375,0.4375,0,0,0,0,0,215261395,3,40582,3,2008
GB,Green Bay Metro,2007,1,13,3,0,0.8125,0.8125,1,1,0,0,0,25312924,2,39582.5,2,2008
HOU,Houston Metro,2007,1,8,8,0,0.5,0.5,0,0,0,0,0,375218842,5,45947,5,2008
IND,Indianapolis Metro,2007,1,13,3,0,0.8125,0.8125,1,0,0,0,0,115430440,5,44965.2,5,2008
JAX,Jacksonville Metro,2007,1,11,5,0,0.6875,0.6875,1,1,0,0,0,69886092,4,43128,4,2008
KC,Kansas City Metro,2007,1,4,12,0,0.25,0.25,0,0,0,0,0,112081309,6,40994.5,6,2008
MIA,Miami Metro,2007,1,1,15,0,0.0625,0.0625,0,0,0,0,0,296833717,3,46083.666666666664,3,2008
MIN,Minneapolis Metro,2007,1,8,8,0,0.5,0.5,0,0,0,0,0,196419684,5,46692.4,5,2008
NO,New Orleans Metro,2007,1,7,9,0,0.4375,0.4375,0,0,0,0,0,61387041,4,44454.5,4,2008
NSH,Nashville Metro,2007,1,10,6,0,0.625,0.625,1,0,0,0,0,86825876,5,42227.6,5,2008
NYC,New York Metro,2007,2,14,18,0,0.4375,0.625,1,4,1,1,1,1095501964,12,54793.916666666664,12,2008
PHL,Philadelphia Metro,2007,1,8,8,0,0.5,0.5,0,0,0,0,0,332274902,8,48940.75,8,2008
PHX,Phoenix Metro,2007,1,8,8,0,0.5,0.5,0,0,0,0,0,218629840,2,32594.5,2,2008
PIT,Pittsburgh Metro,2007,1,10,6,0,0.625,0.625,1,0,0,0,0,119287013,5,40695.4,5,2008
SD,San Diego Metro,2007,1,11,5,0,0.6875,0.6875,1,2,0,0,0,193238641,1,44776,1,2008
SEA,Seattle Metro,2007,1,10,6,0,0.625,0.625,1,1,0,0,0,263078926,3,47333.333333333336,3,2008
SF,San Francisco-Oakland Metro,2007,2,9,23,0,0.28125,0.3125,0,0,0,0,0,529949698,6,67663.5,6,2008
STL,St. Louis Metro,2007,1,3,13,0,0.1875,0.1875,0,0,0,0,0,149079262,6,39561.5,6,2008
TB,Tampa Metro,2007,1,9,7,0,0.5625,0.5625,1,0,0,0,0,130292970,3,37217,3,2008
WAS,Washington Metro,2007,1,9,7,0,0.5625,0.5625,1,0,0,0,0,377392777,6,65072.333333333336,6,2008
ATL,Atlanta Metro,2008,1,11,5,0,0.6875,0.6875,1,0,0,0,0,243251847,5,38515,5,2009
BAL,Baltimore Metro,2008,1,11,5,0,0.6875,0.6875,1,2,0,0,0,158672220,5,48735.6,5,2009
BOS,Boston Metro,2008,1,11,5,0,0.6875,0.6875,0,0,0,0,0,310643959,4,57440.5,4,2009
BUF,Buffalo Metro,2008,1,7,9,0,0.4375,0.4375,0,0,0,0,0,60213511,2,35953.5,2,2009
CHI,Chicago Metro,2008,1,9,7,0,0.5625,0.5625,0,0,0,0,0,529993374,5,45700.8,5,2009
CIN,Cincinnati Metro,2008,1,4,11,1,0.28125,0.28125,0,0,0,0,0,112576339,7,38207.857142857145,7,2009
CLE,Cleveland Metro,2008,1,4,12,0,0.25,0.25,0,0,0,0,0,116458216,5,39672.4,5,2009
CLT,Charlotte Metro,2008,1,12,4,0,0.75,0.75,1,0,0,0,0,118720686,5,37556.2,5,2009
DAL,Dallas Metro,2008,1,9,7,0,0.5625,0.5625,0,0,0,0,0,346194903,5,40371.8,5,2009
DEN,Denver Metro,2008,1,8,8,0,0.5,0.5,0,0,0,0,0,147296018,5,43825.6,5,2009
DET,Detroit Metro,2008,1,0,16,0,0,0,0,0,0,0,0,191413625,3,38147.666666666664,3,2009
GB,Green Bay Metro,2008,1,6,10,0,0.375,0.375,0,0,0,0,0,24717364,2,38409.5,2,2009
HOU,Houston Metro,2008,1,8,8,0,0.5,0.5,0,0,0,0,0,372644814,5,43500.4,5,2009
IND,Indianapolis Metro,2008,1,12,4,0,0.75,0.75,1,0,0,0,0,112424197,5,43210.8,5,2009
JAX,Jacksonville Metro,2008,1,5,11,0,0.3125,0.3125,0,0,0,0,0,66410959,4,40337.75,4,2009
KC,Kansas City Metro,2008,1,2,14,0,0.125,0.125,0,0,0,0,0,107848053,6,40114.666666666664,6,2009
MIA,Miami Metro,2008,1,11,5,0,0.6875,0.6875,1,0,0,0,0,277508269,3,41963.333333333336,3,2009
MIN,Minneapolis Metro,2008,1,10,6,0,0.625,0.625,1,0,0,0,0,188560682,5,44243.4,5,2009
NO,New Orleans Metro,2008,1,8,8,0,0.5,0.5,0,0,0,0,0,61015133,4,39959.75,4,2009
NSH,Nashville Metro,2008,1,13,3,0,0.8125,0.8125,1,0,0,0,0,84939927,5,41458,5,2009
NYC,New York Metro,2008,2,21,11,0,0.65625,0.75,1,0,0,0,0,1136356975,12,52845.75,12,2009
PHL,Philadelphia Metro,2008,1,9,6,1,0.59375,0.59375,1,2,0,0,0,316828210,8,47936.375,8,2009
PHX,Phoenix Metro,2008,1,9,7,0,0.5625,0.5625,1,3,1,1,0,198616637,2,30118,2,2009
PIT,Pittsburgh Metro,2008,1,12,4,0,0.75,0.75,1,3,1,1,1,117605249,5,39884.4,5,2009
SD,San Diego Metro,2008,1,8,8,0,0.5,0.5,1,1,0,0,0,183920034,1,42884,1,2009
SEA,Seattle Metro,2008,1,4,12,0,0.25,0.25,0,0,0,0,0,254052613,3,44109.333333333336,3,2009
SF,San Francisco-Oakland Metro,2008,2,12,20,0,0.375,0.4375,0,0,0,0,0,510416281,6,63521.666666666664,6,2009
STL,St. Louis Metro,2008,1,2,14,0,0.125,0.125,0,0,0,0,0,144684678,6,38446.166666666664,6,2009
TB,Tampa Metro,2008,1,9,7,0,0.5625,0.5625,0,0,0,0,0,125555239,3,36044.333333333336,3,2009
WAS,Washington Metro,2008,1,8,8,0,0.5,0.5,0,0,0,0,0,377321481,6,63092,6,2009
ATL,Atlanta Metro,2009,1,9,7,0,0.5625,0.5625,0,0,0,0,0,247776549,5,39052.4,5,2010
BAL,Baltimore Metro,2009,1,9,7,0,0.5625,0.5625,1,1,0,0,0,165192071,5,49789.6,5,2010
BOS,Boston Metro,2009,1,10,6,0,0.625,0.625,1,0,0,0,0,326201456,4,60282,4,2010
BUF,Buffalo Metro,2009,1,6,10,0,0.375,0.375,0,0,0,0,0,61998145,2,37010,2,2010
CHI,Chicago Metro,2009,1,7,9,0,0.4375,0.4375,0,0,0,0,0,538944707,5,46860.8,5,2010
CIN,Cincinnati Metro,2009,1,10,6,0,0.625,0.625,1,0,0,0,0,115733802,7,39413.142857142855,7,2010
CLE,Cleveland Metro,2009,1,5,11,0,0.3125,0.3125,0,0,0,0,0,117263058,5,41017.4,5,2010
CLT,Charlotte Metro,2009,1,8,8,0,0.5,0.5,0,0,0,0,0,114017778,5,36681.4,5,2010
DAL,Dallas Metro,2009,1,11,5,0,0.6875,0.6875,1,1,0,0,0,355562764,5,41685.6,5,2010
DEN,Denver Metro,2009,1,8,8,0,0.5,0.5,0,0,0,0,0,149800721,5,44290,5,2010
DET,Detroit Metro,2009,1,2,14,0,0.125,0.125,0,0,0,0,0,204842571,3,39172.666666666664,3,2010
GB,Green Bay Metro,2009,1,11,5,0,0.6875,0.6875,1,0,0,0,0,25462952,2,39506.5,2,2010
HOU,Houston Metro,2009,1,9,7,0,0.5625,0.5625,0,0,0,0,0,390235865,5,44787.8,5,2010
IND,Indianapolis Metro,2009,1,14,2,0,0.875,0.875,1,2,1,1,0,116732751,5,44775,5,2010
JAX,Jacksonville Metro,2009,1,7,9,0,0.4375,0.4375,0,0,0,0,0,66395657,4,42177,4,2010
KC,Kansas City Metro,2009,1,4,12,0,0.25,0.25,0,0,0,0,0,107897363,6,40404.333333333336,6,2010
MIA,Miami Metro,2009,1,7,9,0,0.4375,0.4375,0,0,0,0,0,286902270,3,44741,3,2010
MIN,Minneapolis Metro,2009,1,12,4,0,0.75,0.75,1,1,0,0,0,194109991,5,45519.6,5,2010
NO,New Orleans Metro,2009,1,13,3,0,0.8125,0.8125,1,3,1,1,1,64773698,4,41018.25,4,2010
NSH,Nashville Metro,2009,1,8,8,0,0.5,0.5,0,0,0,0,0,87117125,5,43632.6,5,2010
NYC,New York Metro,2009,2,17,15,0,0.53125,0.5625,1,2,0,0,0,1177439956,12,54465.583333333336,12,2010
PHL,Philadelphia Metro,2009,1,11,5,0,0.6875,0.6875,1,0,0,0,0,324720040,8,49640.75,8,2010
PHX,Phoenix Metro,2009,1,10,6,0,0.625,0.625,1,1,0,0,0,200593461,2,30053,2,2010
PIT,Pittsburgh Metro,2009,1,9,7,0,0.5625,0.5625,0,0,0,0,0,122590525,5,41680.6,5,2010
SD,San Diego Metro,2009,1,13,3,0,0.8125,0.8125,1,0,0,0,0,186568771,1,43890,1,2010
SEA,Seattle Metro,2009,1,5,11,0,0.3125,0.3125,0,0,0,0,0,262175666,3,44650,3,2010
SF,San Francisco-Oakland Metro,2009,2,13,19,0,0.40625,0.5,0,0,0,0,0,523951290,6,65620.16666666667,6,2010
STL,St. Louis Metro,2009,1,1,15,0,0.0625,0.0625,0,0,0,0,0,147503573,6,39345,6,2010
TB,Tampa Metro,2009,1,3,13,0,0.1875,0.1875,0,0,0,0,0,127457700,3,38144.333333333336,3,2010
WAS,Washington Metro,2009,1,4,12,0,0.25,0.25,0,0,0,0,0,395203623,6,65958,6,2010
ATL,Atlanta Metro,2010,1,13,3,0,0.8125,0.8125,1,0,0,0,0,254038663,5,41450.4,5,2011
BAL,Baltimore Metro,2010,1,12,4,0,0.75,0.75,1,1,0,0,0,168107776,5,51994.6,5,2011
BOS,Boston Metro,2010,1,14,2,0,0.875,0.875,1,0,0,0,0,333601123,4,62137.5,4,2011
BUF,Buffalo Metro,2010,1,4,12,0,0.25,0.25,0,0,0,0,0,61594181,2,38538,2,2011
CHI,Chicago Metro,2010,1,11,5,0,0.6875,0.6875,1,1,0,0,0,549070948,5,49196.4,5,2011
CIN,Cincinnati Metro,2010,1,4,12,0,0.25,0.25,0,0,0,0,0,118918719,7,41645.142857142855,7,2011
CLE,Cleveland Metro,2010,1,5,11,0,0.3125,0.3125,0,0,0,0,0,119122286,5,43994.4,5,2011
CLT,Charlotte Metro,2010,1,2,14,0,0.125,0.125,0,0,0,0,0,120502388,5,38402.4,5,2011
DAL,Dallas Metro,2010,1,6,10,0,0.375,0.375,0,0,0,0,0,369802895,5,45033.4,5,2011
DEN,Denver Metro,2010,1,4,12,0,0.25,0.25,0,0,0,0,0,152301772,5,47784.4,5,2011
DET,Detroit Metro,2010,1,6,10,0,0.375,0.375,0,0,0,0,0,213958056,3,41829.666666666664,3,2011
GB,Green Bay Metro,2010,1,10,6,0,0.625,0.625,1,4,1,1,1,26161596,2,41406.5,2,2011
HOU,Houston Metro,2010,1,6,10,0,0.375,0.375,0,0,0,0,0,401140240,5,47515.2,5,2011
IND,Indianapolis Metro,2010,1,10,6,0,0.625,0.625,1,0,0,0,0,116413420,5,47433.4,5,2011
JAX,Jacksonville Metro,2010,1,8,8,0,0.5,0.5,0,0,0,0,0,65898914,4,43964.5,4,2011
KC,Kansas City Metro,2010,1,10,6,0,0.625,0.625,1,0,0,0,0,107703870,6,42722.833333333336,6,2011
MIA,Miami Metro,2010,1,7,9,0,0.4375,0.4375,0,0,0,0,0,287536208,3,46441.666666666664,3,2011
MIN,Minneapolis Metro,2010,1,6,10,0,0.375,0.375,0,0,0,0,0,198427669,5,48243.8,5,2011
NO,New Orleans Metro,2010,1,11,5,0,0.6875,0.6875,1,0,0,0,0,57648662,4,40441.5,4,2011
NSH,Nashville Metro,2010,1,6,10,0,0.375,0.375,0,0,0,0,0,90183787,5,46021.2,5,2011
NYC,New York Metro,2010,2,21,11,0,0.65625,0.6875,1,2,0,0,0,1187126733,12,56745.416666666664,12,2011
PHL,Philadelphia Metro,2010,1,10,6,0,0.625,0.625,1,0,0,0,0,324639738,8,51885.125,8,2011
PHX,Phoenix Metro,2010,1,5,11,0,0.3125,0.3125,0,0,0,0,0,207379676,2,31733,2,2011
PIT,Pittsburgh Metro,2010,1,12,4,0,0.75,0.75,1,2,1,1,0,125390501,5,43949.2,5,2011
SD,San Diego Metro,2010,1,9,7,0,0.5625,0.5625,0,0,0,0,0,190527186,1,46118,1,2011
SEA,Seattle Metro,2010,1,7,9,0,0.4375,0.4375,1,1,0,0,0,271367080,3,46742.333333333336,3,2011
SF,San Francisco-Oakland Metro,2010,2,14,18,0,0.4375,0.5,0,0,0,0,0,543628254,6,70182.5,6,2011
STL,St. Louis Metro,2010,1,7,9,0,0.4375,0.4375,0,0,0,0,0,147208925,6,40793.333333333336,6,2011
TB,Tampa Metro,2010,1,10,6,0,0.625,0.625,0,0,0,0,0,127244952,3,40310.333333333336,3,2011
WAS,Washington Metro,2010,1,6,10,0,0.375,0.375,0,0,0,0,0,402843240,6,69051.66666666667,6,2011
ATL,Atlanta Metro,2011,1,10,6,0,0.625,0.625,1,0,0,0,0,259196591,5,41419.6,5,2012
BAL,Baltimore Metro,2011,1,12,4,0,0.75,0.75,1,1,0,0,0,170137459,5,52810,5,2012
BOS,Boston Metro,2011,1,13,3,0,0.8125,0.8125,1,2,1,1,0,343118458,4,63290.5,4,2012
BUF,Buffalo Metro,2011,1,6,10,0,0.375,0.375,0,0,0,0,0,63035524,2,39388.5,2,2012
CHI,Chicago Metro,2011,1,8,8,0,0.5,0.5,0,0,0,0,0,564386171,5,51879.2,5,2012
CIN,Cincinnati Metro,2011,1,9,7,0,0.5625,0.5625,1,0,0,0,0,120603886,7,42939.57142857143,7,2012
CLE,Cleveland Metro,2011,1,4,12,0,0.25,0.25,0,0,0,0,0,120386560,5,45387.2,5,2012
CLT,Charlotte Metro,2011,1,6,10,0,0.375,0.375,0,0,0,0,0,128593360,5,41327.4,5,2012
DAL,Dallas Metro,2011,1,8,8,0,0.5,0.5,0,0,0,0,0,383045646,5,46567.6,5,2012
DEN,Denver Metro,2011,1,8,8,0,0.5,0.5,1,1,0,0,0,156348685,5,50042.6,5,2012
DET,Detroit Metro,2011,1,10,6,0,0.625,0.625,1,0,0,0,0,222064557,3,43485,3,2012
GB,Green Bay Metro,2011,1,15,1,0,0.9375,0.9375,1,0,0,0,0,27047001,2,43138.5,2,2012
HOU,Houston Metro,2011,1,10,6,0,0.625,0.625,1,1,0,0,0,416029220,5,51017.2,5,2012
IND,Indianapolis Metro,2011,1,2,14,0,0.125,0.125,0,0,0,0,0,115631546,5,49158.8,5,2012
JAX,Jacksonville Metro,2011,1,5,11,0,0.3125,0.3125,0,0,0,0,0,66583245,4,44933.25,4,2012
KC,Kansas City Metro,2011,1,7,9,0,0.4375,0.4375,0,0,0,0,0,111925519,6,46040.333333333336,6,2012
MIA,Miami Metro,2011,1,6,10,0,0.375,0.375,0,0,0,0,0,289036213,3,48207,3,2012
MIN,Minneapolis Metro,2011,1,3,13,0,0.1875,0.1875,0,0,0,0,0,202221369,5,50014,5,2012
NO,New Orleans Metro,2011,1,13,3,0,0.8125,0.8125,1,1,0,0,0,57908110,4,42162.75,4,2012
NSH,Nashville Metro,2011,1,9,7,0,0.5625,0.5625,0,0,0,0,0,95381222,5,48592.8,5,2012
NYC,New York Metro,2011,2,17,15,0,0.53125,0.5625,1,4,1,1,1,1244235309,12,58720.833333333336,12,2012
PHL,Philadelphia Metro,2011,1,8,8,0,0.5,0.5,0,0,0,0,0,334560066,8,53931.625,8,2012
PHX,Phoenix Metro,2011,1,8,8,0,0.5,0.5,0,0,0,0,0,215061067,2,32813,2,2012
PIT,Pittsburgh Metro,2011,1,12,4,0,0.75,0.75,1,0,0,0,0,128100786,5,45488,5,2012
SD,San Diego Metro,2011,1,8,8,0,0.5,0.5,0,0,0,0,0,193126868,1,47707,1,2012
SEA,Seattle Metro,2011,1,7,9,0,0.4375,0.4375,0,0,0,0,0,285863180,3,49724.333333333336,3,2012
SF,San Francisco-Oakland Metro,2011,2,21,11,0,0.65625,0.8125,1,1,0,0,0,582924222,6,75495,6,2012
STL,St. Louis Metro,2011,1,2,14,0,0.125,0.125,0,0,0,0,0,149284696,6,42375.333333333336,6,2012
TB,Tampa Metro,2011,1,4,12,0,0.25,0.25,0,0,0,0,0,129331863,3,39800.666666666664,3,2012
WAS,Washington Metro,2011,1,5,11,0,0.3125,0.3125,0,0,0,0,0,405638622,6,70191.66666666667,6,2012
ATL,Atlanta Metro,2012,1,13,3,0,0.8125,0.8125,1,1,0,0,0,267382506,5,41458.8,5,2013
BAL,Baltimore Metro,2012,1,10,6,0,0.625,0.625,1,4,1,1,1,173523928,5,52500,5,2013
BOS,Boston Metro,2012,1,12,4,0,0.75,0.75,1,1,0,0,0,344704382,4,62796.75,4,2013
BUF,Buffalo Metro,2012,1,6,10,0,0.375,0.375,0,0,0,0,0,63223739,2,39753,2,2013
CHI,Chicago Metro,2012,1,10,6,0,0.625,0.625,0,0,0,0,0,569625627,5,52218.8,5,2013
CIN,Cincinnati Metro,2012,1,10,6,0,0.625,0.625,1,0,0,0,0,123106377,7,43308.57142857143,7,2013
CLE,Cleveland Metro,2012,1,5,11,0,0.3125,0.3125,0,0,0,0,0,121734310,5,46102,5,2013
CLT,Charlotte Metro,2012,1,7,9,0,0.4375,0.4375,0,0,0,0,0,127272805,5,40129.8,5,2013
DAL,Dallas Metro,2012,1,8,8,0,0.5,0.5,0,0,0,0,0,397161230,5,47169.6,5,2013
DEN,Denver Metro,2012,1,13,3,0,0.8125,0.8125,1,0,0,0,0,164337588,5,52009.8,5,2013
DET,Detroit Metro,2012,1,4,12,0,0.25,0.25,0,0,0,0,0,227829139,3,43562.333333333336,3,2013
GB,Green Bay Metro,2012,1,11,5,0,0.6875,0.6875,1,1,0,0,0,26965959,2,43327.5,2,2013
HOU,Houston Metro,2012,1,12,4,0,0.75,0.75,1,1,0,0,0,437589593,5,52036,5,2013
IND,Indianapolis Metro,2012,1,11,5,0,0.6875,0.6875,1,0,0,0,0,119337700,5,49861.2,5,2013
JAX,Jacksonville Metro,2012,1,2,14,0,0.125,0.125,0,0,0,0,0,68810431,4,45083.5,4,2013
KC,Kansas City Metro,2012,1,2,14,0,0.125,0.125,0,0,0,0,0,114256164,6,46008.833333333336,6,2013
MIA,Miami Metro,2012,1,7,9,0,0.4375,0.4375,0,0,0,0,0,298062310,3,47054,3,2013
MIN,Minneapolis Metro,2012,1,10,6,0,0.625,0.625,1,0,0,0,0,208413983,5,50338.8,5,2013
NO,New Orleans Metro,2012,1,7,9,0,0.4375,0.4375,0,0,0,0,0,56837419,4,42449.75,4,2013
NSH,Nashville Metro,2012,1,6,10,0,0.375,0.375,0,0,0,0,0,98585641,5,48871.6,5,2013
NYC,New York Metro,2012,2,15,17,0,0.46875,0.5625,0,0,0,0,0,1252630187,12,58882.083333333336,12,2013
PHL,Philadelphia Metro,2012,1,4,12,0,0.25,0.25,0,0,0,0,0,343064847,8,54049,8,2013
PHX,Phoenix Metro,2012,1,5,11,0,0.3125,0.3125,0,0,0,0,0,216612257,2,33828.5,2,2013
PIT,Pittsburgh Metro,2012,1,8,8,0,0.5,0.5,0,0,0,0,0,130833689,5,45711,5,2013
SD,San Diego Metro,2012,1,7,9,0,0.4375,0.4375,0,0,0,0,0,201179560,1,48653,1,2013
SEA,Seattle Metro,2012,1,11,5,0,0.6875,0.6875,1,1,0,0,0,298262678,3,50328.333333333336,3,2013
SF,San Francisco-Oakland Metro,2012,2,15,16,1,0.484375,0.71875,1,2,1,1,0,620710804,6,75729.66666666667,6,2013
STL,St. Louis Metro,2012,1,7,8,1,0.46875,0.46875,0,0,0,0,0,150867504,6,42464.5,6,2013
TB,Tampa Metro,2012,1,7,9,0,0.4375,0.4375,0,0,0,0,0,132568257,3,39512.333333333336,3,2013
WAS,Washington Metro,2012,1,10,6,0,0.625,0.625,1,0,0,0,0,404460390,6,67601.66666666667,6,2013
ATL,Atlanta Metro,2013,1,4,12,0,0.25,0.25,0,0,0,0,0,280181212,5,44273.6,5,2014
BAL,Baltimore Metro,2013,1,8,8,0,0.5,0.5,0,0,0,0,0,176337355,5,54012.8,5,2014
BOS,Boston Metro,2013,1,12,4,0,0.75,0.75,1,1,0,0,0,351523285,4,65097.75,4,2014
BUF,Buffalo Metro,2013,1,6,10,0,0.375,0.375,0,0,0,0,0,64928568,2,40501,2,2014
CHI,Chicago Metro,2013,1,8,8,0,0.5,0.5,0,0,0,0,0,582544628,5,54406.6,5,2014
CIN,Cincinnati Metro,2013,1,11,5,0,0.6875,0.6875,1,0,0,0,0,127573503,7,45378.57142857143,7,2014
CLE,Cleveland Metro,2013,1,4,12,0,0.25,0.25,0,0,0,0,0,124565040,5,47916.2,5,2014
CLT,Charlotte Metro,2013,1,12,4,0,0.75,0.75,1,0,0,0,0,131383516,5,41918,5,2014
DAL,Dallas Metro,2013,1,8,8,0,0.5,0.5,0,0,0,0,0,411684370,5,49440.8,5,2014
DEN,Denver Metro,2013,1,13,3,0,0.8125,0.8125,1,2,1,1,0,172699384,5,55536.4,5,2014
DET,Detroit Metro,2013,1,7,9,0,0.4375,0.4375,0,0,0,0,0,231134293,3,45420,3,2014
GB,Green Bay Metro,2013,1,8,7,1,0.53125,0.53125,1,0,0,0,0,28588605,2,44665,2,2014
HOU,Houston Metro,2013,1,2,14,0,0.125,0.125,0,0,0,0,0,445097933,5,54769.2,5,2014
IND,Indianapolis Metro,2013,1,11,5,0,0.6875,0.6875,1,1,0,0,0,122118821,5,51222.4,5,2014
JAX,Jacksonville Metro,2013,1,4,12,0,0.25,0.25,0,0,0,0,0,70513732,4,46560.25,4,2014
KC,Kansas City Metro,2013,1,11,5,0,0.6875,0.6875,1,0,0,0,0,117608333,6,46474.666666666664,6,2014
MIA,Miami Metro,2013,1,8,8,0,0.5,0.5,0,0,0,0,0,308201729,3,50081.666666666664,3,2014
MIN,Minneapolis Metro,2013,1,5,10,1,0.34375,0.34375,0,0,0,0,0,216416248,5,52841.4,5,2014
NO,New Orleans Metro,2013,1,11,5,0,0.6875,0.6875,1,1,0,0,0,57891164,4,46087.75,4,2014
NSH,Nashville Metro,2013,1,7,9,0,0.4375,0.4375,0,0,0,0,0,103106761,5,50771.8,5,2014
NYC,New York Metro,2013,2,15,17,0,0.46875,0.5,0,0,0,0,0,1282062100,12,61106.25,12,2014
PHL,Philadelphia Metro,2013,1,10,6,0,0.625,0.625,1,0,0,0,0,349355713,8,55975.125,8,2014
PHX,Phoenix Metro,2013,1,10,6,0,0.625,0.625,0,0,0,0,0,220174410,2,35048,2,2014
PIT,Pittsburgh Metro,2013,1,8,8,0,0.5,0.5,0,0,0,0,0,133208744,5,47266.8,5,2014
SD,San Diego Metro,2013,1,9,7,0,0.5625,0.5625,1,1,0,0,0,207374059,1,50923,1,2014
SEA,Seattle Metro,2013,1,13,3,0,0.8125,0.8125,1,3,1,1,1,312759759,3,53365.666666666664,3,2014
SF,San Francisco-Oakland Metro,2013,2,16,16,0,0.5,0.75,1,2,0,0,0,661114672,6,80871,6,2014
STL,St. Louis Metro,2013,1,7,9,0,0.4375,0.4375,0,0,0,0,0,153083867,6,43686.666666666664,6,2014
TB,Tampa Metro,2013,1,4,12,0,0.25,0.25,0,0,0,0,0,135225305,3,41169,3,2014
WAS,Washington Metro,2013,1,3,13,0,0.1875,0.1875,0,0,0,0,0,408666875,6,69851.83333333333,6,2014
ATL,Atlanta Metro,2014,1,6,10,0,0.375,0.375,0,0,0,0,0,294930411,5,46353.2,5,2015
BAL,Baltimore Metro,2014,1,10,6,0,0.625,0.625,1,1,0,0,0,179994681,5,55650.4,5,2015
BOS,Boston Metro,2014,1,12,4,0,0.75,0.75,1,3,1,1,1,365590238,4,69141.75,4,2015
BUF,Buffalo Metro,2014,1,9,7,0,0.5625,0.5625,0,0,0,0,0,66108025,2,42114,2,2015
CHI,Chicago Metro,2014,1,5,11,0,0.3125,0.3125,0,0,0,0,0,597979347,5,57214.6,5,2015
CIN,Cincinnati Metro,2014,1,10,5,1,0.65625,0.65625,1,0,0,0,0,131160675,7,47428.142857142855,7,2015
CLE,Cleveland Metro,2014,1,7,9,0,0.4375,0.4375,0,0,0,0,0,125505885,5,49474.4,5,2015
CLT,Charlotte Metro,2014,1,7,8,1,0.46875,0.46875,1,1,0,0,0,136758929,5,44150.6,5,2015
DAL,Dallas Metro,2014,1,12,4,0,0.75,0.75,1,1,0,0,0,432865886,5,50561.6,5,2015
DEN,Denver Metro,2014,1,12,4,0,0.75,0.75,1,0,0,0,0,181955211,5,55407.6,5,2015
DET,Detroit Metro,2014,1,11,5,0,0.6875,0.6875,1,0,0,0,0,235096339,3,48175,3,2015
GB,Green Bay Metro,2014,1,12,4,0,0.75,0.75,1,1,0,0,0,29737801,2,46293,2,2015
HOU,Houston Metro,2014,1,9,7,0,0.5625,0.5625,0,0,0,0,0,469565629,5,54659.6,5,2015
IND,Indianapolis Metro,2014,1,11,5,0,0.6875,0.6875,1,2,0,0,0,118712402,5,53497.8,5,2015
JAX,Jacksonville Metro,2014,1,3,13,0,0.1875,0.1875,0,0,0,0,0,73498725,4,48512.75,4,2015
KC,Kansas City Metro,2014,1,9,7,0,0.5625,0.5625,0,0,0,0,0,122355647,6,48120,6,2015
MIA,Miami Metro,2014,1,8,8,0,0.5,0.5,0,0,0,0,0,321882377,3,53142,3,2015
MIN,Minneapolis Metro,2014,1,7,9,0,0.4375,0.4375,0,0,0,0,0,221163843,5,55087.8,5,2015
NO,New Orleans Metro,2014,1,7,9,0,0.4375,0.4375,0,0,0,0,0,59279214,4,45730.5,4,2015
NSH,Nashville Metro,2014,1,2,14,0,0.125,0.125,0,0,0,0,0,109952543,5,53734.8,5,2015
NYC,New York Metro,2014,2,10,22,0,0.3125,0.375,0,0,0,0,0,1309948580,12,63311.833333333336,12,2015
PHL,Philadelphia Metro,2014,1,10,6,0,0.625,0.625,0,0,0,0,0,355385783,8,58237.75,8,2015
PHX,Phoenix Metro,2014,1,11,5,0,0.6875,0.6875,1,0,0,0,0,227107249,2,36559,2,2015
PIT,Pittsburgh Metro,2014,1,11,5,0,0.6875,0.6875,1,0,0,0,0,137449906,5,49467.2,5,2015
SD,San Diego Metro,2014,1,9,7,0,0.5625,0.5625,0,0,0,0,0,214131174,1,53366,1,2015
SEA,Seattle Metro,2014,1,12,4,0,0.75,0.75,1,2,1,1,0,327022541,3,55513.666666666664,3,2015
SF,San Francisco-Oakland Metro,2014,2,11,21,0,0.34375,0.5,0,0,0,0,0,707830216,6,87393.83333333333,6,2015
STL,St. Louis Metro,2014,1,6,10,0,0.375,0.375,0,0,0,0,0,154093820,6,45374.833333333336,6,2015
TB,Tampa Metro,2014,1,2,14,0,0.125,0.125,0,0,0,0,0,140870350,3,42799.333333333336,3,2015
WAS,Washington Metro,2014,1,4,12,0,0.25,0.25,0,0,0,0,0,416815907,6,72468,6,2015
ATL,Atlanta Metro,2015,1,8,8,0,0.5,0.5,0,0,0,0,0,311412316,5,47796.4,5,2016
BAL,Baltimore Metro,2015,1,5,11,0,0.3125,0.3125,0,0,0,0,0,186364298,5,57019.2,5,2016
BOS,Boston Metro,2015,1,12,4,0,0.75,0.75,1,1,0,0,0,372347382,4,71748.25,4,2016
BUF,Buffalo Metro,2015,1,8,8,0,0.5,0.5,0,0,0,0,0,66778365,2,42916,2,2016
CHI,Chicago Metro,2015,1,6,10,0,0.375,0.375,0,0,0,0,0,601889169,5,57976,5,2016
CIN,Cincinnati Metro,2015,1,12,4,0,0.75,0.75,1,0,0,0,0,136116855,7,48916.71428571428,7,2016
CLE,Cleveland Metro,2015,1,3,13,0,0.1875,0.1875,0,0,0,0,0,125684341,5,50720.2,5,2016
CLT,Charlotte Metro,2015,1,15,1,0,0.9375,0.9375,1,2,1,1,0,140664213,5,45479.6,5,2016
DAL,Dallas Metro,2015,1,4,12,0,0.25,0.25,0,0,0,0,0,443677635,5,51426.6,5,2016
DEN,Denver Metro,2015,1,12,4,0,0.75,0.75,1,3,1,1,1,186080249,5,54644,5,2016
DET,Detroit Metro,2015,1,7,9,0,0.4375,0.4375,0,0,0,0,0,239561621,3,49082.333333333336,3,2016
GB,Green Bay Metro,2015,1,10,6,0,0.625,0.625,1,1,0,0,0,30220013,2,47094,2,2016
HOU,Houston Metro,2015,1,9,7,0,0.5625,0.5625,1,0,0,0,0,459128482,5,51491.2,5,2016
IND,Indianapolis Metro,2015,1,8,8,0,0.5,0.5,0,0,0,0,0,121507627,5,55317.6,5,2016
JAX,Jacksonville Metro,2015,1,5,11,0,0.3125,0.3125,0,0,0,0,0,76246817,4,49926,4,2016
KC,Kansas City Metro,2015,1,11,5,0,0.6875,0.6875,1,1,0,0,0,122722868,6,47679.833333333336,6,2016
MIA,Miami Metro,2015,1,6,10,0,0.375,0.375,0,0,0,0,0,331897611,3,53577.666666666664,3,2016
MIN,Minneapolis Metro,2015,1,11,5,0,0.6875,0.6875,1,0,0,0,0,224286044,5,56172.2,5,2016
NO,New Orleans Metro,2015,1,7,9,0,0.4375,0.4375,0,0,0,0,0,59996894,4,45252.75,4,2016
NSH,Nashville Metro,2015,1,3,13,0,0.1875,0.1875,0,0,0,0,0,113843880,5,55177,5,2016
NYC,New York Metro,2015,2,16,16,0,0.5,0.625,0,0,0,0,0,1334190323,12,65165.083333333336,12,2016
PHL,Philadelphia Metro,2015,1,7,9,0,0.4375,0.4375,0,0,0,0,0,365174232,8,59898.875,8,2016
PHX,Phoenix Metro,2015,1,13,3,0,0.8125,0.8125,1,1,0,0,0,235238526,2,37945.5,2,2016
PIT,Pittsburgh Metro,2015,1,10,6,0,0.625,0.625,1,1,0,0,0,137706567,5,50603.4,5,2016
SD,San Diego Metro,2015,1,4,12,0,0.25,0.25,0,0,0,0,0,216808329,1,55082,1,2016
SEA,Seattle Metro,2015,1,10,6,0,0.625,0.625,1,1,0,0,0,340444054,3,57696.666666666664,3,2016
SF,San Francisco-Oakland Metro,2015,2,12,20,0,0.375,0.4375,0,0,0,0,0,749273012,6,92167.16666666667,6,2016
STL,St. Louis Metro,2015,1,7,9,0,0.4375,0.4375,0,0,0,0,0,154159761,6,46551.5,6,2016
TB,Tampa Metro,2015,1,6,10,0,0.375,0.375,0,0,0,0,0,145509499,3,43582.666666666664,3,2016
WAS,Washington Metro,2015,1,9,7,0,0.5625,0.5625,1,0,0,0,0,426629797,6,74043.66666666667,6,2016
ATL,Atlanta Metro,2016,1,11,5,0,0.6875,0.6875,1,2,1,1,0,327868725,5,50636.8,5,2017
BAL,Baltimore Metro,2016,1,8,8,0,0.5,0.5,0,0,0,0,0,190007464,5,58794.6,5,2017
BOS,Boston Metro,2016,1,14,2,0,0.875,0.875,1,3,1,1,1,381274801,4,75076.75,4,2017
BUF,Buffalo Metro,2016,1,7,9,0,0.4375,0.4375,0,0,0,0,0,66331075,2,45067,2,2017
CHI,Chicago Metro,2016,1,3,13,0,0.1875,0.1875,0,0,0,0,0,611335211,5,59985.2,5,2017
CIN,Cincinnati Metro,2016,1,6,9,1,0.40625,0.40625,0,0,0,0,0,140461261,7,50647.57142857143,7,2017
CLE,Cleveland Metro,2016,1,1,15,0,0.0625,0.0625,0,0,0,0,0,128644606,5,52314.6,5,2017
CLT,Charlotte Metro,2016,1,6,10,0,0.375,0.375,0,0,0,0,0,145921309,5,47381.6,5,2017
DAL,Dallas Metro,2016,1,13,3,0,0.8125,0.8125,1,0,0,0,0,459764047,5,53649.8,5,2017
DEN,Denver Metro,2016,1,9,7,0,0.5625,0.5625,0,0,0,0,0,192925567,5,58181.6,5,2017
DET,Detroit Metro,2016,1,9,7,0,0.5625,0.5625,1,0,0,0,0,241515957,3,50313,3,2017
GB,Green Bay Metro,2016,1,10,6,0,0.625,0.625,1,2,0,0,0,30462513,2,48643.5,2,2017
HOU,Houston Metro,2016,1,9,7,0,0.5625,0.5625,1,1,0,0,0,462455369,5,54069.2,5,2017
IND,Indianapolis Metro,2016,1,8,8,0,0.5,0.5,0,0,0,0,0,124317115,5,56552.6,5,2017
JAX,Jacksonville Metro,2016,1,3,13,0,0.1875,0.1875,0,0,0,0,0,79677249,4,52591.25,4,2017
KC,Kansas City Metro,2016,1,12,4,0,0.75,0.75,1,0,0,0,0,127102845,6,48943.333333333336,6,2017
LAX,Los Angeles Metro,2016,1,4,12,0,0.25,0.25,0,0,0,0,0,1015445806,3,59199.666666666664,3,2017
MIA,Miami Metro,2016,1,10,6,0,0.625,0.625,1,0,0,0,0,346955899,3,57853.333333333336,3,2017
MIN,Minneapolis Metro,2016,1,8,8,0,0.5,0.5,0,0,0,0,0,228187915,5,58165.6,5,2017
NO,New Orleans Metro,2016,1,7,9,0,0.4375,0.4375,0,0,0,0,0,61279762,4,46944.25,4,2017
NSH,Nashville Metro,2016,1,9,7,0,0.5625,0.5625,0,0,0,0,0,119012304,5,56558.8,5,2017
NYC,New York Metro,2016,2,16,16,0,0.5,0.6875,1,0,0,0,0,1368042674,12,68939.5,12,2017
PHL,Philadelphia Metro,2016,1,7,9,0,0.4375,0.4375,0,0,0,0,0,366052276,8,61216.75,8,2017
PHX,Phoenix Metro,2016,1,7,8,1,0.46875,0.46875,0,0,0,0,0,246068032,2,39870.5,2,2017
PIT,Pittsburgh Metro,2016,1,11,5,0,0.6875,0.6875,1,2,0,0,0,144086633,5,52643.2,5,2017
SD,San Diego Metro,2016,1,5,11,0,0.3125,0.3125,0,0,0,0,0,224767520,1,56977,1,2017
SEA,Seattle Metro,2016,1,10,5,1,0.65625,0.65625,1,1,0,0,0,368193333,3,60483,3,2017
SF,San Francisco-Oakland Metro,2016,2,14,18,0,0.4375,0.75,1,0,0,0,0,807093445,6,98666,6,2017
TB,Tampa Metro,2016,1,9,7,0,0.5625,0.5625,0,0,0,0,0,148624385,3,45441,3,2017
WAS,Washington Metro,2016,1,8,7,1,0.53125,0.53125,0,0,0,0,0,435982580,6,76012.83333333333,6,2017
ATL,Atlanta Metro,2017,1,10,6,0,0.625,0.625,1,1,0,0,0,340903629,5,52899,5,2018
BAL,Baltimore Metro,2017,1,9,7,0,0.5625,0.5625,0,0,0,0,0,192206837,5,60611.8,5,2018
BOS,Boston Metro,2017,1,13,3,0,0.8125,0.8125,1,2,1,1,0,397815328,4,78906,4,2018
BUF,Buffalo Metro,2017,1,9,7,0,0.5625,0.5625,1,0,0,0,0,66983173,2,46023.5,2,2018
CHI,Chicago Metro,2017,1,5,11,0,0.3125,0.3125,0,0,0,0,0,626960060,5,63129.4,5,2018
CIN,Cincinnati Metro,2017,1,7,9,0,0.4375,0.4375,0,0,0,0,0,140641390,7,52404.857142857145,7,2018
CLE,Cleveland Metro,2017,1,0,16,0,0,0,0,0,0,0,0,130645199,5,54324.4,5,2018
CLT,Charlotte Metro,2017,1,11,5,0,0.6875,0.6875,1,0,0,0,0,148520782,5,49041.8,5,2018
DAL,Dallas Metro,2017,1,9,7,0,0.5625,0.5625,0,0,0,0,0,481228410,5,56552.6,5,2018
DEN,Denver Metro,2017,1,5,11,0,0.3125,0.3125,0,0,0,0,0,202198331,5,63130.8,5,2018
DET,Detroit Metro,2017,1,9,7,0,0.5625,0.5625,0,0,0,0,0,246492982,3,52442,3,2018
GB,Green Bay Metro,2017,1,7,9,0,0.4375,0.4375,0,0,0,0,0,31488564,2,50876,2,2018
HOU,Houston Metro,2017,1,4,12,0,0.25,0.25,0,0,0,0,0,482384133,5,56085.8,5,2018
IND,Indianapolis Metro,2017,1,4,12,0,0.25,0.25,0,0,0,0,0,128729758,5,59074.4,5,2018
JAX,Jacksonville Metro,2017,1,10,6,0,0.625,0.625,1,2,0,0,0,82344010,4,54829.75,4,2018
KC,Kansas City Metro,2017,1,10,6,0,0.625,0.625,1,0,0,0,0,129654238,6,50315.666666666664,6,2018
LAX,Los Angeles Metro,2017,2,20,12,0,0.625,0.6875,1,0,0,0,0,1042008596,3,61613,3,2018
MIA,Miami Metro,2017,1,6,10,0,0.375,0.375,0,0,0,0,0,359851256,3,61796,3,2018
MIN,Minneapolis Metro,2017,1,13,3,0,0.8125,0.8125,1,1,0,0,0,235183471,5,60463.4,5,2018
NO,New Orleans Metro,2017,1,11,5,0,0.6875,0.6875,1,1,0,0,0,61731493,4,49445.5,4,2018
NSH,Nashville Metro,2017,1,9,7,0,0.5625,0.5625,1,1,0,0,0,123255105,5,59102.8,5,2018
NYC,New York Metro,2017,2,8,24,0,0.25,0.3125,0,0,0,0,0,1414542270,12,71458.66666666667,12,2018
PHL,Philadelphia Metro,2017,1,13,3,0,0.8125,0.8125,1,3,1,1,1,372198245,8,64103.625,8,2018
PHX,Phoenix Metro,2017,1,8,8,0,0.5,0.5,0,0,0,0,0,257410362,2,41914.5,2,2018
PIT,Pittsburgh Metro,2017,1,13,3,0,0.8125,0.8125,1,0,0,0,0,147511092,5,54996,5,2018
SEA,Seattle Metro,2017,1,9,7,0,0.5625,0.5625,0,0,0,0,0,395723859,3,63954.666666666664,3,2018
SF,San Francisco-Oakland Metro,2017,2,12,20,0,0.375,0.375,0,0,0,0,0,862964930,6,106259,6,2018
TB,Tampa Metro,2017,1,5,11,0,0.3125,0.3125,0,0,0,0,0,153807106,3,47395.666666666664,3,2018
WAS,Washington Metro,2017,1,7,9,0,0.4375,0.4375,0,0,0,0,0,447491573,6,79101.16666666667,6,2018
ATL,Atlanta Metro,2018,1,7,9,0,0.4375,0.4375,0,0,0,0,0,354913879,5,55280.8,5,2019
BAL,Baltimore Metro,2018,1,10,6,0,0.625,0.625,1,0,0,0,0,193257912,5,62874.2,5,2019
BOS,Boston Metro,2018,1,11,5,0,0.6875,0.6875,1,3,1,1,1,412387314,4,81900.25,4,2019
BUF,Buffalo Metro,2018,1,6,10,0,0.375,0.375,0,0,0,0,0,68498747,2,48061.5,2,2019
CHI,Chicago Metro,2018,1,12,4,0,0.75,0.75,1,0,0,0,0,634321204,5,65092.8,5,2019
CIN,Cincinnati Metro,2018,1,6,10,0,0.375,0.375,0,0,0,0,0,147623389,7,55189.71428571428,7,2019
CLE,Cleveland Metro,2018,1,7,8,1,0.46875,0.46875,0,0,0,0,0,134027408,5,56321.8,5,2019
CLT,Charlotte Metro,2018,1,7,9,0,0.4375,0.4375,0,0,0,0,0,153929495,5,51305.6,5,2019
DAL,Dallas Metro,2018,1,10,6,0,0.625,0.625,1,1,0,0,0,500090901,5,59027.2,5,2019
DEN,Denver Metro,2018,1,6,10,0,0.375,0.375,0,0,0,0,0,212457459,5,67222.2,5,2019
DET,Detroit Metro,2018,1,6,10,0,0.375,0.375,0,0,0,0,0,247747913,3,53841,3,2019
GB,Green Bay Metro,2018,1,6,9,1,0.40625,0.40625,0,0,0,0,0,31820705,2,52521,2,2019
HOU,Houston Metro,2018,1,11,5,0,0.6875,0.6875,1,0,0,0,0,477278418,5,58840,5,2019
IND,Indianapolis Metro,2018,1,10,6,0,0.625,0.625,1,1,0,0,0,131449938,5,61777.4,5,2019
JAX,Jacksonville Metro,2018,1,5,11,0,0.3125,0.3125,0,0,0,0,0,85870691,4,56788.75,4,2019
KC,Kansas City Metro,2018,1,12,4,0,0.75,0.75,1,1,0,0,0,132747195,6,52076,6,2019
LAX,Los Angeles Metro,2018,2,25,7,0,0.78125,0.8125,1,3,1,1,0,1078207220,3,65046.666666666664,3,2019
MIA,Miami Metro,2018,1,7,9,0,0.4375,0.4375,0,0,0,0,0,367593143,3,65224,3,2019
MIN,Minneapolis Metro,2018,1,8,7,1,0.53125,0.53125,0,0,0,0,0,239453158,5,62438.8,5,2019
NO,New Orleans Metro,2018,1,13,3,0,0.8125,0.8125,1,1,0,0,0,62377632,4,51946.75,4,2019
NSH,Nashville Metro,2018,1,9,7,0,0.5625,0.5625,0,0,0,0,0,127761576,5,62302.6,5,2019
NYC,New York Metro,2018,2,9,23,0,0.28125,0.3125,0,0,0,0,0,1445663946,12,74012.58333333333,12,2019
PHL,Philadelphia Metro,2018,1,9,7,0,0.5625,0.5625,1,1,0,0,0,374554338,8,66207.625,8,2019
PHX,Phoenix Metro,2018,1,3,13,0,0.1875,0.1875,0,0,0,0,0,269398775,2,44470.5,2,2019
PIT,Pittsburgh Metro,2018,1,9,6,1,0.59375,0.59375,0,0,0,0,0,149083189,5,55854.2,5,2019
SEA,Seattle Metro,2018,1,10,6,0,0.625,0.625,1,0,0,0,0,417485883,3,67964.66666666667,3,2019
SF,San Francisco-Oakland Metro,2018,2,8,24,0,0.25,0.25,0,0,0,0,0,911446821,6,110978.66666666667,6,2019
TB,Tampa Metro,2018,1,5,11,0,0.3125,0.3125,0,0,0,0,0,159596459,3,49956.666666666664,3,2019
WAS,Washington Metro,2018,1,7,9,0,0.4375,0.4375,0,0,0,0,0,454687254,6,80845,6,2019
ATL,Atlanta Metro,2019,1,7,9,0,0.4375,0.4375,0,0,0,0,0,340184753,5,58048.2,5,2020
BAL,Baltimore Metro,2019,1,14,2,0,0.875,0.875,1,0,0,0,0,187181708,5,66613,5,2020
BOS,Boston Metro,2019,1,12,4,0,0.75,0.75,1,0,0,0,0,410788656,4,86671.75,4,2020
BUF,Buffalo Metro,2019,1,10,6,0,0.625,0.625,1,0,0,0,0,67647696,2,52792,2,2020
CHI,Chicago Metro,2019,1,8,8,0,0.5,0.5,0,0,0,0,0,599501843,5,68437.4,5,2020
CIN,Cincinnati Metro,2019,1,2,14,0,0.125,0.125,0,0,0,0,0,144847084,7,58695,7,2020
CLE,Cleveland Metro,2019,1,6,10,0,0.375,0.375,0,0,0,0,0,129256605,5,58958.2,5,2020
CLT,Charlotte Metro,2019,1,5,11,0,0.3125,0.3125,0,0,0,0,0,155831364,5,54722,5,2020
DAL,Dallas Metro,2019,1,8,8,0,0.5,0.5,0,0,0,0,0,496580629,5,60972,5,2020
DEN,Denver Metro,2019,1,7,9,0,0.4375,0.4375,0,0,0,0,0,212488784,5,71172.8,5,2020
DET,Detroit Metro,2019,1,3,12,1,0.21875,0.21875,0,0,0,0,0,235422592,3,58037.333333333336,3,2020
GB,Green Bay Metro,2019,1,13,3,0,0.8125,0.8125,1,1,0,0,0,30847893,2,55941,2,2020
HOU,Houston Metro,2019,1,10,6,0,0.625,0.625,1,1,0,0,0,471410309,5,59613.6,5,2020
IND,Indianapolis Metro,2019,1,7,9,0,0.4375,0.4375,0,0,0,0,0,130021067,5,64561.8,5,2020
JAX,Jacksonville Metro,2019,1,6,10,0,0.375,0.375,0,0,0,0,0,87319836,4,59964.5,4,2020
KC,Kansas City Metro,2019,1,12,4,0,0.75,0.75,1,3,1,1,1,129629859,6,54988.833333333336,6,2020
LAX,Los Angeles Metro,2019,2,14,18,0,0.4375,0.5625,0,0,0,0,0,1032494480,3,70235.33333333333,3,2020
MIA,Miami Metro,2019,1,5,11,0,0.3125,0.3125,0,0,0,0,0,354799636,3,68136.66666666667,3,2020
MIN,Minneapolis Metro,2019,1,10,6,0,0.625,0.625,1,1,0,0,0,231018901,5,65315.8,5,2020
NO,New Orleans Metro,2019,1,13,3,0,0.8125,0.8125,1,0,0,0,0,57969362,4,53813,4,2020
NSH,Nashville Metro,2019,1,9,7,0,0.5625,0.5625,1,2,0,0,0,126748764,5,65613.4,5,2020
NYC,New York Metro,2019,2,11,21,0,0.34375,0.4375,0,0,0,0,0,1402995976,12,77028.91666666667,12,2020
PHL,Philadelphia Metro,2019,1,9,7,0,0.5625,0.5625,1,0,0,0,0,360142072,8,70406,8,2020
PHX,Phoenix Metro,2019,1,5,10,1,0.34375,0.34375,0,0,0,0,0,275564506,2,48557,2,2020
PIT,Pittsburgh Metro,2019,1,8,8,0,0.5,0.5,0,0,0,0,0,141884936,5,59713,5,2020
SEA,Seattle Metro,2019,1,11,5,0,0.6875,0.6875,1,1,0,0,0,416311244,3,72721,3,2020
SF,San Francisco-Oakland Metro,2019,2,20,12,0,0.625,0.8125,1,2,1,1,0,932576050,6,120316.66666666667,6,2020
TB,Tampa Metro,2019,1,7,9,0,0.4375,0.4375,0,0,0,0,0,161455871,3,53481,3,2020
WAS,Washington Metro,2019,1,3,13,0,0.1875,0.1875,0,0,0,0,0,448207873,6,84191.83333333333,6,2020
ATL,Atlanta Metro,2020,1,4,12,0,0.25,0.25,0,0,0,0,0,364949702,5,63466,5,2021
BAL,Baltimore Metro,2020,1,11,5,0,0.6875,0.6875,1,1,0,0,0,196810652,5,71407.2,5,2021
BOS,Boston Metro,2020,1,7,9,0,0.4375,0.4375,0,0,0,0,0,439680822,4,95749.75,4,2021
BUF,Buffalo Metro,2020,1,13,3,0,0.8125,0.8125,1,2,0,0,0,70380172,2,55153.5,2,2021
CHI,Chicago Metro,2020,1,8,8,0,0.5,0.5,1,0,0,0,0,635255425,5,74680,5,2021
CIN,Cincinnati Metro,2020,1,4,11,1,0.28125,0.28125,0,0,0,0,0,151241893,7,63721.71428571428,7,2021
CLE,Cleveland Metro,2020,1,11,5,0,0.6875,0.6875,1,1,0,0,0,136626824,5,64401.8,5,2021
CLT,Charlotte Metro,2020,1,5,11,0,0.3125,0.3125,0,0,0,0,0,166437258,5,59871,5,2021
DAL,Dallas Metro,2020,1,6,10,0,0.375,0.375,0,0,0,0,0,538053460,5,67232.2,5,2021
DEN,Denver Metro,2020,1,5,11,0,0.3125,0.3125,0,0,0,0,0,227439158,5,79215.8,5,2021
DET,Detroit Metro,2020,1,5,11,0,0.3125,0.3125,0,0,0,0,0,247582908,3,61947.333333333336,3,2021
GB,Green Bay Metro,2020,1,13,3,0,0.8125,0.8125,1,1,0,0,0,31419853,2,60313,2,2021
HOU,Houston Metro,2020,1,4,12,0,0.25,0.25,0,0,0,0,0,506356703,5,64109.4,5,2021
IND,Indianapolis Metro,2020,1,11,5,0,0.6875,0.6875,1,0,0,0,0,139068784,5,71783,5,2021
JAX,Jacksonville Metro,2020,1,1,15,0,0.0625,0.0625,0,0,0,0,0,94004211,4,65749.75,4,2021
KC,Kansas City Metro,2020,1,14,2,0,0.875,0.875,1,2,1,1,0,134051969,6,58664.166666666664,6,2021
LAX,Los Angeles Metro,2020,2,17,15,0,0.53125,0.625,1,1,0,0,0,1094382456,3,76644,3,2021
LV,Las Vegas Metro,2020,1,8,8,0,0.5,0.5,0,0,0,0,0,130270354,1,58410,1,2021
MIA,Miami Metro,2020,1,10,6,0,0.625,0.625,0,0,0,0,0,392208691,3,76894.33333333333,3,2021
MIN,Minneapolis Metro,2020,1,7,9,0,0.4375,0.4375,0,0,0,0,0,244023854,5,71418.2,5,2021
NO,New Orleans Metro,2020,1,12,4,0,0.75,0.75,1,1,0,0,0,61361296,4,60209,4,2021
NSH,Nashville Metro,2020,1,11,5,0,0.6875,0.6875,1,0,0,0,0,141684647,5,73907,5,2021
NYC,New York Metro,2020,2,8,24,0,0.25,0.375,0,0,0,0,0,1474153310,12,84772.58333333333,12,2021
PHL,Philadelphia Metro,2020,1,4,11,1,0.28125,0.28125,0,0,0,0,0,376338020,8,75145.75,8,2021
PHX,Phoenix Metro,2020,1,8,8,0,0.5,0.5,0,0,0,0,0,299871423,2,53370,2,2021
PIT,Pittsburgh Metro,2020,1,12,4,0,0.75,0.75,1,0,0,0,0,147388444,5,63613,5,2021
SEA,Seattle Metro,2020,1,12,4,0,0.75,0.75,1,0,0,0,0,446313066,3,79200.33333333333,3,2021
SF,San Francisco-Oakland Metro,2020,1,6,10,0,0.375,0.375,0,0,0,0,0,1041078760,6,139827.33333333334,6,2021
TB,Tampa Metro,2020,1,11,5,0,0.6875,0.6875,1,4,1,1,1,175310895,3,58366.333333333336,3,2021
WAS,Washington Metro,2020,1,7,9,0,0.4375,0.4375,1,0,0,0,0,470277200,6,92409.5,6,2021
ATL,Atlanta Metro,2021,1,7,10,0,0.411764705882353,0.411764705882353,0,0,0,0,0,380685865,5,64648.8,5,2022
BAL,Baltimore Metro,2021,1,8,9,0,0.470588235294118,0.470588235294118,0,0,0,0,0,200098066,5,73075.8,5,2022
BOS,Boston Metro,2021,1,10,7,0,0.588235294117647,0.588235294117647,1,0,0,0,0,448936831,4,97645.75,4,2022
BUF,Buffalo Metro,2021,1,11,6,0,0.647058823529412,0.647058823529412,1,1,0,0,0,71406608,2,55791,2,2022
CHI,Chicago Metro,2021,1,6,11,0,0.352941176470588,0.352941176470588,0,0,0,0,0,647394451,5,76921.4,5,2022
CIN,Cincinnati Metro,2021,1,10,7,0,0.588235294117647,0.588235294117647,1,3,1,1,0,152405365,7,64622.42857142857,7,2022
CLE,Cleveland Metro,2021,1,8,9,0,0.470588235294118,0.470588235294118,0,0,0,0,0,139301552,5,65588,5,2022
CLT,Charlotte Metro,2021,1,5,12,0,0.294117647058824,0.294117647058824,0,0,0,0,0,173692796,5,62659.2,5,2022
DAL,Dallas Metro,2021,1,12,5,0,0.705882352941177,0.705882352941177,1,0,0,0,0,565193487,5,70758.4,5,2022
DEN,Denver Metro,2021,1,7,10,0,0.411764705882353,0.411764705882353,0,0,0,0,0,239857000,5,85710.2,5,2022
DET,Detroit Metro,2021,1,3,13,1,0.205882352941176,0.205882352941176,0,0,0,0,0,254891331,3,63695,3,2022
GB,Green Bay Metro,2021,1,13,4,0,0.764705882352941,0.764705882352941,1,0,0,0,0,31970044,2,61754.5,2,2022
HOU,Houston Metro,2021,1,4,13,0,0.235294117647059,0.235294117647059,0,0,0,0,0,520315429,5,66839,5,2022
IND,Indianapolis Metro,2021,1,9,8,0,0.529411764705882,0.529411764705882,0,0,0,0,0,143236563,5,74419.4,5,2022
JAX,Jacksonville Metro,2021,1,3,14,0,0.176470588235294,0.176470588235294,0,0,0,0,0,100122966,4,68044.5,4,2022
KC,Kansas City Metro,2021,1,12,5,0,0.705882352941177,0.705882352941177,1,2,0,0,0,141673952,6,62057.666666666664,6,2022
LAX,Los Angeles Metro,2021,2,21,13,0,0.61764705882353,0.705882352941177,1,4,1,1,1,1108054454,3,77915,3,2022
LV,Las Vegas Metro,2021,1,10,7,0,0.588235294117647,0.588235294117647,1,0,0,0,0,141930944,1,60318,1,2022
MIA,Miami Metro,2021,1,9,8,0,0.529411764705882,0.529411764705882,0,0,0,0,0,417785790,3,83267.33333333333,3,2022
MIN,Minneapolis Metro,2021,1,8,9,0,0.470588235294118,0.470588235294118,0,0,0,0,0,249595558,5,73529,5,2022
NO,New Orleans Metro,2021,1,9,8,0,0.529411764705882,0.529411764705882,0,0,0,0,0,61838907,4,59307,4,2022
NSH,Nashville Metro,2021,1,12,5,0,0.705882352941177,0.705882352941177,1,0,0,0,0,150576840,5,78124,5,2022
NYC,New York Metro,2021,2,8,26,0,0.235294117647059,0.235294117647059,0,0,0,0,0,1508441571,12,85882.91666666667,12,2022
PHL,Philadelphia Metro,2021,1,9,8,0,0.529411764705882,0.529411764705882,1,0,0,0,0,385562260,8,76942.25,8,2022
PHX,Phoenix Metro,2021,1,11,6,0,0.647058823529412,0.647058823529412,1,0,0,0,0,315996321,2,55602,2,2022
PIT,Pittsburgh Metro,2021,1,9,7,1,0.558823529411765,0.558823529411765,1,0,0,0,0,148486140,5,65053,5,2022
SEA,Seattle Metro,2021,1,7,10,0,0.411764705882353,0.411764705882353,0,0,0,0,0,459925624,3,81836.66666666667,3,2022
SF,San Francisco-Oakland Metro,2021,1,10,7,0,0.588235294117647,0.588235294117647,1,2,0,0,0,1014337013,6,137166.16666666666,6,2022
TB,Tampa Metro,2021,1,13,4,0,0.764705882352941,0.764705882352941,1,1,0,0,0,186300564,3,60559,3,2022
WAS,Washington Metro,2021,1,7,10,0,0.411764705882353,0.411764705882353,0,0,0,0,0,475618697,6,96026.33333333333,6,2022
ATL,Atlanta Metro,2022,1,7,10,0,0.411764705882353,0.411764705882353,0,0,0,0,0,383532259,5,67840.6,5,2023
BAL,Baltimore Metro,2022,1,10,7,0,0.588235294117647,0.588235294117647,1,0,0,0,0,203187945,5,78203,5,2023
BOS,Boston Metro,2022,1,8,9,0,0.470588235294118,0.470588235294118,0,0,0,0,0,454488868,4,102965.25,4,2023
BUF,Buffalo Metro,2022,1,13,3,0,0.8125,0.8125,1,1,0,0,0,72808282,2,59478.5,2,2023
CHI,Chicago Metro,2022,1,3,14,0,0.176470588235294,0.176470588235294,0,0,0,0,0,657870075,5,81306.4,5,2023
CIN,Cincinnati Metro,2022,1,12,4,0,0.75,0.75,1,2,0,0,0,154729312,7,68250.85714285714,7,2023
CLE,Cleveland Metro,2022,1,7,10,0,0.411764705882353,0.411764705882353,0,0,0,0,0,140524378,5,70009.8,5,2023
CLT,Charlotte Metro,2022,1,7,10,0,0.411764705882353,0.411764705882353,0,0,0,0,0,183123358,5,66000,5,2023
DAL,Dallas Metro,2022,1,12,5,0,0.705882352941177,0.705882352941177,1,1,0,0,0,590010972,5,74259.2,5,2023
DEN,Denver Metro,2022,1,5,12,0,0.294117647058824,0.294117647058824,0,0,0,0,0,249204165,5,89067.4,5,2023
DET,Detroit Metro,2022,1,9,8,0,0.529411764705882,0.529411764705882,0,0,0,0,0,263282830,3,67383.33333333333,3,2023
GB,Green Bay Metro,2022,1,8,9,0,0.470588235294118,0.470588235294118,0,0,0,0,0,32471784,2,64457.5,2,2023
HOU,Houston Metro,2022,1,3,13,1,0.205882352941176,0.205882352941176,0,0,0,0,0,552526546,5,70940.4,5,2023
IND,Indianapolis Metro,2022,1,4,12,1,0.264705882352941,0.264705882352941,0,0,0,0,0,147046114,5,78303.2,5,2023
JAX,Jacksonville Metro,2022,1,9,8,0,0.529411764705882,0.529411764705882,1,1,0,0,0,105153323,4,71876,4,2023
KC,Kansas City Metro,2022,1,14,3,0,0.823529411764706,0.823529411764706,1,3,1,1,1,141418637,6,63884.166666666664,6,2023
LAX,Los Angeles Metro,2022,2,15,19,0,0.441176470588236,0.588235294117647,1,0,0,0,0,1118961723,3,82055,3,2023
LV,Las Vegas Metro,2022,1,6,11,0,0.352941176470588,0.352941176470588,0,0,0,0,0,147606306,1,64058,1,2023
MIA,Miami Metro,2022,1,9,8,0,0.529411764705882,0.529411764705882,1,0,0,0,0,438207751,3,89806.66666666667,3,2023
MIN,Minneapolis Metro,2022,1,13,4,0,0.764705882352941,0.764705882352941,1,0,0,0,0,252845553,5,77204.2,5,2023
NO,New Orleans Metro,2022,1,7,10,0,0.411764705882353,0.411764705882353,0,0,0,0,0,62328438,4,63127.25,4,2023
NSH,Nashville Metro,2022,1,7,10,0,0.411764705882353,0.411764705882353,0,0,0,0,0,157749030,5,84504.8,5,2023
NYC,New York Metro,2022,2,16,17,1,0.485294117647059,0.558823529411765,1,1,0,0,0,1520564188,12,90530,12,2023
PHL,Philadelphia Metro,2022,1,14,3,0,0.823529411764706,0.823529411764706,1,2,1,1,0,388606221,8,80814.75,8,2023
PHX,Phoenix Metro,2022,1,4,13,0,0.235294117647059,0.235294117647059,0,0,0,0,0,326711390,2,58965.5,2,2023
PIT,Pittsburgh Metro,2022,1,9,8,0,0.529411764705882,0.529411764705882,0,0,0,0,0,152805108,5,68480.8,5,2023
SEA,Seattle Metro,2022,1,9,8,0,0.529411764705882,0.529411764705882,1,0,0,0,0,484571740,3,87464,3,2023
SF,San Francisco-Oakland Metro,2022,1,13,4,0,0.764705882352941,0.764705882352941,1,2,0,0,0,1040483688,6,145017.83333333334,6,2023
TB,Tampa Metro,2022,1,8,9,0,0.470588235294118,0.470588235294118,1,0,0,0,0,195719764,3,65025.666666666664,3,2023
WAS,Washington Metro,2022,1,8,8,1,0.5,0.5,0,0,0,0,0,487606638,6,102502.16666666667,6,2023
ATL,Atlanta Metro,2023,1,7,10,0,0.411764705882353,0.411764705882353,0,0,0,0,0,390897406,5,71295,5,2024
BAL,Baltimore Metro,2023,1,13,4,0,0.764705882352941,0.764705882352941,1,1,0,0,0,209814857,5,82163.4,5,2024
BOS,Boston Metro,2023,1,4,13,0,0.235294117647059,0.235294117647059,0,0,0,0,0,465091963,4,106997.5,4,2024
BUF,Buffalo Metro,2023,1,11,6,0,0.647058823529412,0.647058823529412,1,1,0,0,0,73756629,2,62014.5,2,2024
CHI,Chicago Metro,2023,1,7,10,0,0.411764705882353,0.411764705882353,0,0,0,0,0,666336698,5,84474.8,5,2024
CIN,Cincinnati Metro,2023,1,9,8,0,0.529411764705882,0.529411764705882,0,0,0,0,0,156881746,7,71222.14285714286,7,2024
CLE,Cleveland Metro,2023,1,11,6,0,0.647058823529412,0.647058823529412,1,0,0,0,0,143226961,5,73410.4,5,2024
CLT,Charlotte Metro,2023,1,2,15,0,0.117647058823529,0.117647058823529,0,0,0,0,0,189977087,5,69127.8,5,2024
DAL,Dallas Metro,2023,1,12,5,0,0.705882352941177,0.705882352941177,1,0,0,0,0,605060301,5,76654.6,5,2024
DEN,Denver Metro,2023,1,8,9,0,0.470588235294118,0.470588235294118,0,0,0,0,0,253842313,5,91913.8,5,2024
DET,Detroit Metro,2023,1,12,5,0,0.705882352941177,0.705882352941177,1,2,0,0,0,265948840,3,70018,3,2024
GB,Green Bay Metro,2023,1,9,8,0,0.529411764705882,0.529411764705882,1,1,0,0,0,33358962,2,67777,2,2024
HOU,Houston Metro,2023,1,10,7,0,0.588235294117647,0.588235294117647,1,1,0,0,0,575642748,5,72940.2,5,2024
IND,Indianapolis Metro,2023,1,9,8,0,0.529411764705882,0.529411764705882,0,0,0,0,0,152190029,5,82090,5,2024
JAX,Jacksonville Metro,2023,1,9,8,0,0.529411764705882,0.529411764705882,0,0,0,0,0,108827846,4,74649.75,4,2024
KC,Kansas City Metro,2023,1,11,6,0,0.647058823529412,0.647058823529412,1,4,1,1,1,143015896,6,66478.66666666667,6,2024
LAX,Los Angeles Metro,2023,2,15,19,0,0.441176470588236,0.588235294117647,1,0,0,0,0,1143483413,3,86826.66666666667,3,2024
LV,Las Vegas Metro,2023,1,8,9,0,0.470588235294118,0.470588235294118,0,0,0,0,0,152128224,1,66952,1,2024
MIA,Miami Metro,2023,1,11,6,0,0.647058823529412,0.647058823529412,1,0,0,0,0,450254738,3,93308.33333333333,3,2024
MIN,Minneapolis Metro,2023,1,7,10,0,0.411764705882353,0.411764705882353,0,0,0,0,0,258622282,5,80226,5,2024
NO,New Orleans Metro,2023,1,9,8,0,0.529411764705882,0.529411764705882,0,0,0,0,0,63304318,4,66411.25,4,2024
NSH,Nashville Metro,2023,1,6,11,0,0.352941176470588,0.352941176470588,0,0,0,0,0,163405575,5,88650.2,5,2024
NYC,New York Metro,2023,2,13,21,0,0.38235294117647,0.411764705882353,0,0,0,0,0,1557797940,12,94136,12,2024
PHL,Philadelphia Metro,2023,1,11,6,0,0.647058823529412,0.647058823529412,1,0,0,0,0,395596187,8,84076.625,8,2024
PHX,Phoenix Metro,2023,1,4,13,0,0.235294117647059,0.235294117647059,0,0,0,0,0,342520842,2,61473.5,2,2024
PIT,Pittsburgh Metro,2023,1,10,7,0,0.588235294117647,0.588235294117647,1,0,0,0,0,155076263,5,71408.2,5,2024
SEA,Seattle Metro,2023,1,9,8,0,0.529411764705882,0.529411764705882,0,0,0,0,0,509136833,3,91848.33333333333,3,2024
SF,San Francisco-Oakland Metro,2023,1,12,5,0,0.705882352941177,0.705882352941177,1,2,1,1,0,1085697174,6,153198.5,6,2024
TB,Tampa Metro,2023,1,9,8,0,0.529411764705882,0.529411764705882,1,1,0,0,0,202067279,3,68378.66666666667,3,2024
WAS,Washington Metro,2023,1,4,13,0,0.235294117647059,0.235294117647059,0,0,0,0,0,497888144,6,107051.16666666667,6,2024
